<?xml version="1.0" encoding="UTF-8"?>
<project-private xmlns="http://www.netbeans.org/ns/project-private/1">
    <editor-bookmarks xmlns="http://www.netbeans.org/ns/editor-bookmarks/2" lastBookmarkId="0"/>
    <open-files xmlns="http://www.netbeans.org/ns/projectui-open-files/2">
        <group>
            <file>file:/C:/Users/xvpow/Documents/Ch4_20200407/src/ch4_20200407/Ch4_4.java</file>
            <file>file:/C:/Users/xvpow/Documents/Ch4_20200407/src/ch4_20200407/Ch4_1.java</file>
            <file>file:/C:/Users/xvpow/Documents/Ch4_20200407/src/ch4_20200407/Ch4_5.java</file>
            <file>file:/C:/Users/xvpow/Documents/Ch4_20200407/src/ch4_20200407/Ch4_3.java</file>
            <file>file:/C:/Users/xvpow/Documents/Ch4_20200407/src/ch4_20200407/Ch4_6.java</file>
            <file>file:/C:/Users/xvpow/Documents/Ch4_20200407/src/ch4_20200407/Ch4_2.java</file>
        </group>
    </open-files>
</project-private>
