<?xml version="1.0" encoding="UTF-8"?>
<project-private xmlns="http://www.netbeans.org/ns/project-private/1">
    <editor-bookmarks xmlns="http://www.netbeans.org/ns/editor-bookmarks/2" lastBookmarkId="0"/>
    <open-files xmlns="http://www.netbeans.org/ns/projectui-open-files/2">
        <group>
            <file>file:/C:/Users/xvpow/Documents/Ch16_1_20200519/src/ch16_1_20200519/Ch16_1.java</file>
            <file>file:/C:/Users/xvpow/Documents/Ch16_1_20200519/src/ch16_1_20200519/Ch16_3.java</file>
            <file>file:/C:/Users/xvpow/Documents/Ch16_1_20200519/src/ch16_1_20200519/Ch16_2.java</file>
            <file>file:/C:/Users/xvpow/Documents/Ch16_1_20200519/src/ch16_1_20200519/Ch16_5.java</file>
            <file>file:/C:/Users/xvpow/Documents/Ch16_1_20200519/src/ch16_1_20200519/Student.java</file>
            <file>file:/C:/Users/xvpow/Documents/Ch16_1_20200519/src/ch16_1_20200519/Ch16_4.java</file>
        </group>
    </open-files>
</project-private>
